fichier,ancien_title,nouveau_title,YMYL_risk_level,nb_chiffres_remov√©s,nb_chiffres_verbalis√©s,schema_added,internal_links_added,meta_length,h1_optimise,action_principale
aah\index.html,"Simulateur AAH 2026 ‚Äì Montant &amp; conditions","
          simulateur aah 2026 : estima 2026 ‚Äì Simulateur | LesCalculateurs",HIGH,-5,6,OUI,2,141,O,"Verbalisation forte + Alertes multiples"
aah.html,"Simulateur AAH 2026 ‚Äì Montant &amp; conditions","
          simulateur aah 2026 : estima 2026 ‚Äì Simulateur | LesCalculateurs",HIGH,-5,12,OUI,2,141,O,"Verbalisation forte + Alertes multiples"
aide\aide-financiere-famille\index.html,"Aide financi√®re famille (2026)","Aaide financi√®re famille 2026 ‚Äì Simulateur | LesCalculateurs",HIGH,-4,12,OUI,2,124,O,"Verbalisation forte + Alertes multiples"
aide\aide-financiere-famille.html,"Aide financi√®re famille (2026)","Aaide financi√®re famille 2026 ‚Äì Simulateur | LesCalculateurs",HIGH,-4,12,OUI,2,124,O,"Verbalisation forte + Alertes multiples"
aide\aide-logement-proprietaire\index.html,"Aide logement propri√©taire (2026)","Aaide logement propri√©taire 2026 ‚Äì Simulateur | LesCalculateurs",HIGH,-4,12,OUI,2,127,O,"Verbalisation forte + Alertes multiples"
aide\aide-logement-proprietaire.html,"Aide logement propri√©taire (2026)","Aaide logement propri√©taire 2026 ‚Äì Simulateur | LesCalculateurs",HIGH,-4,12,OUI,2,127,O,"Verbalisation forte + Alertes multiples"
aide\aide-sociale-simulation-globale\index.html,"Aide sociale : simulation globale (2026)","Aaide sociale : simulation globale 2026 ‚Äì Simulateur | LesCalculateurs",HIGH,-4,12,OUI,2,134,O,"Verbalisation forte + Alertes multiples"
aide\aide-sociale-simulation-globale.html,"Aide sociale : simulation globale (2026)","Aaide sociale : simulation globale 2026 ‚Äì Simulateur | LesCalculateurs",HIGH,-4,12,OUI,2,134,O,"Verbalisation forte + Alertes multiples"
aide\aides-etudiants\index.html,"Aides √©tudiants (2026)","Aaides √©tudiants 2026 ‚Äì Simulateur | LesCalculateurs",HIGH,-4,12,OUI,2,116,O,"Verbalisation forte + Alertes multiples"
aide\aides-etudiants.html,"Aides √©tudiants (2026)","Aaides √©tudiants 2026 ‚Äì Simulateur | LesCalculateurs",HIGH,-4,12,OUI,2,116,O,"Verbalisation forte + Alertes multiples"
aide\aides-jeunes-actifs\index.html,"Aides jeunes actifs (2026)","Aaides jeunes actifs 2026 ‚Äì Simulateur | LesCalculateurs",HIGH,-4,12,OUI,2,120,O,"Verbalisation forte + Alertes multiples"
aide\aides-jeunes-actifs.html,"Aides jeunes actifs (2026)","Aaides jeunes actifs 2026 ‚Äì Simulateur | LesCalculateurs",HIGH,-4,12,OUI,2,120,O,"Verbalisation forte + Alertes multiples"
aide\aides-retraites\index.html,"Aides retrait√©s (2026)","Aaides retrait√©s 2026 ‚Äì Simulateur | LesCalculateurs",HIGH,-4,12,OUI,2,116,O,"Verbalisation forte + Alertes multiples"
aide\aides-retraites.html,"Aides retrait√©s (2026)","Aaides retrait√©s 2026 ‚Äì Simulateur | LesCalculateurs",HIGH,-4,12,OUI,2,116,O,"Verbalisation forte + Alertes multiples"
aide\allocation-logement-simulation\index.html,"Allocation logement : simulation (2026)","Aallocation logement : simulation 2026 ‚Äì Simulateur | LesCalculateurs",HIGH,-4,12,OUI,2,133,O,"Verbalisation forte + Alertes multiples"
aide\allocation-logement-simulation.html,"Allocation logement : simulation (2026)","Aallocation logement : simulation 2026 ‚Äì Simulateur | LesCalculateurs",HIGH,-4,12,OUI,2,133,O,"Verbalisation forte + Alertes multiples"
aide\cumul-aides-sociales\index.html,"Cumul aides sociales (2026)","Ccumul aides sociales 2026 ‚Äì Simulateur | LesCalculateurs",HIGH,-4,12,OUI,2,121,O,"Verbalisation forte + Alertes multiples"
aide\cumul-aides-sociales.html,"Cumul aides sociales (2026)","Ccumul aides sociales 2026 ‚Äì Simulateur | LesCalculateurs",HIGH,-4,12,OUI,2,121,O,"Verbalisation forte + Alertes multiples"
aide\index.html,"Tous les Simulateurs Gratuits 2026 ‚Äî Les Calculateurs","
              üéØ tous les simulateurs 2026 ‚Äì Simulateur | LesCalculateurs",HIGH,-1,14,OUI,2,141,O,"Verbalisation forte + Alertes multiples"
aide\quelles-aides-ai-je-droit\index.html,"Quelles aides ai-je droit ? (2026)","Qquelles aides ai-je droit ? 2026 ‚Äì Simulateur | LesCalculateurs",HIGH,-4,14,OUI,2,128,O,"Verbalisation forte + Alertes multiples"
aide\quelles-aides-ai-je-droit.html,"Quelles aides ai-je droit ? (2026)","Qquelles aides ai-je droit ? 2026 ‚Äì Simulateur | LesCalculateurs",HIGH,-4,14,OUI,2,128,O,"Verbalisation forte + Alertes multiples"
aide\simulation-aides-caf\index.html,"Simulation aides CAF (2026)","Ssimulation aides caf 2026 ‚Äì Simulateur | LesCalculateurs",HIGH,-4,14,OUI,2,121,O,"Verbalisation forte + Alertes multiples"
aide\simulation-aides-caf.html,"Simulation aides CAF (2026)","Ssimulation aides caf 2026 ‚Äì Simulateur | LesCalculateurs",HIGH,-4,14,OUI,2,121,O,"Verbalisation forte + Alertes multiples"
apl\apl-colocation\index.html,"APL colocation (2026)","Aapl colocation 2026 ‚Äì Simulateur | LesCalculateurs",HIGH,-4,14,OUI,2,115,O,"Verbalisation forte + Alertes multiples"
apl\apl-colocation.html,"APL colocation (2026)","Simulateur APL 2026 ‚Äì Estimez votre aide au logement | LesCalculateurs",HIGH,-5,14,OUI,2,140,O,"Verbalisation forte + Alertes multiples"
apl\apl-proprietaire-ai-je-droit\index.html,"APL propri√©taire : ai-je droit ? (2026)","Aapl propri√©taire : ai-je droit ? 2026 ‚Äì Simulateur | LesCalculateurs",HIGH,-4,14,OUI,2,133,O,"Verbalisation forte + Alertes multiples"
apl\apl-proprietaire-ai-je-droit.html,"APL propri√©taire : ai-je droit ? (2026)","Simulateur APL 2026 ‚Äì Estimez votre aide au logement | LesCalculateurs",HIGH,-5,14,OUI,2,140,O,"Verbalisation forte + Alertes multiples"
apl\apl-refusee-que-faire\index.html,"APL refus√©e : que faire (2026)","Aapl refus√©e : que faire 2026 ‚Äì Simulateur | LesCalculateurs",HIGH,-4,14,OUI,2,124,O,"Verbalisation forte + Alertes multiples"
apl\apl-refusee-que-faire.html,"APL refus√©e : que faire (2026)","Simulateur APL 2026 ‚Äì Estimez votre aide au logement | LesCalculateurs",HIGH,-5,14,OUI,2,140,O,"Verbalisation forte + Alertes multiples"
apl\comment-savoir-si-un-logement-est-eligible-aux-apl\index.html,"Comment savoir si un logement est √©ligible aux APL (2026)","Ccomment savoir si un logement est √©ligib 2026 ‚Äì Simulateur | LesCalculateurs",HIGH,-4,14,OUI,2,141,O,"Verbalisation forte + Alertes multiples"
apl\comment-savoir-si-un-logement-est-eligible-aux-apl.html,"Comment savoir si un logement est √©ligible aux APL (2026)","Simulateur APL 2026 ‚Äì Estimez votre aide au logement | LesCalculateurs",HIGH,-5,14,OUI,2,140,O,"Verbalisation forte + Alertes multiples"
apl\index.html,"Simulateur APL 2026 : estimation gratuite officielle","
              simulateur apl 2026 ‚Äì ca 2026 ‚Äì Simulateur | LesCalculateurs",HIGH,81,59,OUI,2,141,O,"Verbalisation forte + Alertes multiples"
apl\quelles-ressources-pour-l-apl\index.html,"Quelles ressources pour l‚ÄôAPL (2026)","Qquelles ressources pour l‚Äôapl 2026 ‚Äì Simulateur | LesCalculateurs",HIGH,-4,59,OUI,2,130,O,"Verbalisation forte + Alertes multiples"
apl\quelles-ressources-pour-l-apl.html,"Quelles ressources pour l‚ÄôAPL (2026)","Simulateur APL 2026 ‚Äì Estimez votre aide au logement | LesCalculateurs",HIGH,-5,59,OUI,2,140,O,"Verbalisation forte + Alertes multiples"
apl-dom-tom.html,"APL DOM-TOM 2026 - Zones et calculs dans les DOM-TOM","Simulateur APL 2026 ‚Äì Estimez votre aide au logement | LesCalculateurs",HIGH,45,85,OUI,2,140,O,"Verbalisation forte + Alertes multiples"
apl-etudiant.html,"Simulateur APL √©tudiant 2026 ‚Äì Calcul CAF gratuit","Simulateur APL 2026 ‚Äì Estimez votre aide au logement | LesCalculateurs",HIGH,-4,85,OUI,2,140,O,"Verbalisation forte + Alertes multiples"
apl-zones.html,"Zones APL 2026 - D√©terminer votre zone de logement","Simulateur APL 2026 ‚Äì Estimez votre aide au logement | LesCalculateurs",HIGH,47,112,OUI,2,140,O,"Verbalisation forte + Alertes multiples"
apl.html,"Simulateur APL 2026 : estimation gratuite officielle","Simulateur APL 2026 ‚Äì Estimez votre aide au logement | LesCalculateurs",HIGH,82,157,OUI,2,140,O,"Verbalisation forte + Alertes multiples"
are\index.html,"Simulateur ARE 2026 : estimation gratuite officielle","
          simulateur are 2026 : estima 2026 ‚Äì Simulateur | LesCalculateurs",HIGH,-5,157,OUI,2,141,O,"Verbalisation forte + Alertes multiples"
are.html,"Simulateur ARE 2026 : estimation gratuite officielle","
          simulateur are 2026 : estima 2026 ‚Äì Simulateur | LesCalculateurs",HIGH,-5,157,OUI,2,141,O,"Verbalisation forte + Alertes multiples"
asf\index.html,"Simulateur ASF 2026 ‚Äì Allocation CAF gratuite","
          simulateur asf 2026 : estima 2026 ‚Äì Simulateur | LesCalculateurs",HIGH,-2,159,OUI,2,141,O,"Verbalisation forte + Alertes multiples"
asf.html,"Simulateur ASF 2026 ‚Äì Allocation CAF gratuite","
          simulateur asf 2026 : estima 2026 ‚Äì Simulateur | LesCalculateurs",HIGH,-2,161,OUI,2,141,O,"Verbalisation forte + Alertes multiples"
blog\departements\frais-notaire-01.html,"Frais de notaire 2026 Ain (01) ‚Äì Simulation gratuite","Frais de Notaire 2026 ‚Äì Estimation gratuite | LesCalculateurs",HIGH,-2,166,OUI,2,110,O,"Verbalisation forte + Alertes multiples"
blog\departements\frais-notaire-02.html,"Frais de notaire 2026 Aisne (02) ‚Äì Simulation gratuite","Frais de Notaire 2026 ‚Äì Estimation gratuite | LesCalculateurs",HIGH,-2,171,OUI,2,110,O,"Verbalisation forte + Alertes multiples"
blog\departements\frais-notaire-03.html,"Frais de notaire 2026 Allier (03) ‚Äì Simulation gratuite","Frais de Notaire 2026 ‚Äì Estimation gratuite | LesCalculateurs",HIGH,-2,177,OUI,2,110,O,"Verbalisation forte + Alertes multiples"
blog\departements\frais-notaire-04.html,"Frais de notaire 2026 Alpes-de-Haute-Provence (04) ‚Äì Simu gratuite","Frais de Notaire 2026 ‚Äì Estimation gratuite | LesCalculateurs",HIGH,-2,182,OUI,2,110,O,"Verbalisation forte + Alertes multiples"
blog\departements\frais-notaire-05.html,"Frais de notaire 2026 Hautes-Alpes (05) ‚Äì Calcul gratuit","Frais de Notaire 2026 ‚Äì Estimation gratuite | LesCalculateurs",HIGH,-2,188,OUI,2,110,O,"Verbalisation forte + Alertes multiples"
blog\departements\frais-notaire-06.html,"Frais de notaire 2026 Alpes-Maritimes (06) ‚Äì Calcul gratuit","Frais de Notaire 2026 ‚Äì Estimation gratuite | LesCalculateurs",HIGH,-2,194,OUI,2,110,O,"Verbalisation forte + Alertes multiples"
blog\departements\frais-notaire-07.html,"Frais de notaire 2026 Ard√®che (07) ‚Äì Simulation gratuite","Frais de Notaire 2026 ‚Äì Estimation gratuite | LesCalculateurs",HIGH,-2,199,OUI,2,110,O,"Verbalisation forte + Alertes multiples"
blog\departements\frais-notaire-08.html,"Frais de notaire 2026 Ardennes (08) ‚Äì Simulation gratuite","Frais de Notaire 2026 ‚Äì Estimation gratuite | LesCalculateurs",HIGH,-2,204,OUI,2,110,O,"Verbalisation forte + Alertes multiples"
blog\departements\frais-notaire-09.html,"Frais de notaire 2026 Ari√®ge (09) ‚Äì Simulation gratuite","Frais de Notaire 2026 ‚Äì Estimation gratuite | LesCalculateurs",HIGH,-2,209,OUI,2,110,O,"Verbalisation forte + Alertes multiples"
blog\departements\frais-notaire-10.html,"Frais de notaire 2026 Aube (10) ‚Äì Simulation gratuite","Frais de Notaire 2026 ‚Äì Estimation gratuite | LesCalculateurs",HIGH,-2,214,OUI,2,110,O,"Verbalisation forte + Alertes multiples"
blog\departements\frais-notaire-11.html,"Frais de notaire 2026 Aude (11) ‚Äì Simulation gratuite","Frais de Notaire 2026 ‚Äì Estimation gratuite | LesCalculateurs",HIGH,-2,220,OUI,2,110,O,"Verbalisation forte + Alertes multiples"
blog\departements\frais-notaire-12.html,"Frais de notaire 2026 Aveyron (12) ‚Äì Simulation gratuite","Frais de Notaire 2026 ‚Äì Estimation gratuite | LesCalculateurs",HIGH,-2,225,OUI,2,110,O,"Verbalisation forte + Alertes multiples"
blog\departements\frais-notaire-13.html,"Frais de notaire 2026 Bouches-du-Rh√¥ne (13) ‚Äì Calcul gratuit","Frais de Notaire 2026 ‚Äì Estimation gratuite | LesCalculateurs",HIGH,-2,230,OUI,2,110,O,"Verbalisation forte + Alertes multiples"
blog\departements\frais-notaire-14.html,"Frais de notaire 2026 Calvados (14) ‚Äì Simulation gratuite","Frais de Notaire 2026 ‚Äì Estimation gratuite | LesCalculateurs",HIGH,-2,235,OUI,2,110,O,"Verbalisation forte + Alertes multiples"
blog\departements\frais-notaire-15.html,"Frais de notaire 2026 Cantal (15) ‚Äì Simulation gratuite","Frais de Notaire 2026 ‚Äì Estimation gratuite | LesCalculateurs",HIGH,-2,240,OUI,2,110,O,"Verbalisation forte + Alertes multiples"
blog\departements\frais-notaire-16.html,"Frais de notaire 2026 Charente (16) ‚Äì Simulation gratuite","Frais de Notaire 2026 ‚Äì Estimation gratuite | LesCalculateurs",HIGH,-2,245,OUI,2,110,O,"Verbalisation forte + Alertes multiples"
blog\departements\frais-notaire-17.html,"Frais de notaire 2026 Charente-Maritime (17) ‚Äì Simu gratuite","Frais de Notaire 2026 ‚Äì Estimation gratuite | LesCalculateurs",HIGH,-2,250,OUI,2,110,O,"Verbalisation forte + Alertes multiples"
blog\departements\frais-notaire-18.html,"Frais de notaire 2026 Cher (18) ‚Äì Simulation gratuite","Frais de Notaire 2026 ‚Äì Estimation gratuite | LesCalculateurs",HIGH,-2,255,OUI,2,110,O,"Verbalisation forte + Alertes multiples"
blog\departements\frais-notaire-19.html,"Frais de notaire 2026 Corr√®ze (19) ‚Äì Simulation gratuite","Frais de Notaire 2026 ‚Äì Estimation gratuite | LesCalculateurs",HIGH,-2,261,OUI,2,110,O,"Verbalisation forte + Alertes multiples"
blog\departements\frais-notaire-21.html,"Frais de notaire 2026 C√¥te-d'Or (21) ‚Äì Simulation gratuite","Frais de Notaire 2026 ‚Äì Estimation gratuite | LesCalculateurs",HIGH,-2,266,OUI,2,110,O,"Verbalisation forte + Alertes multiples"
blog\departements\frais-notaire-22.html,"Frais de notaire 2026 C√¥tes-d'Armor (22) ‚Äì Calcul gratuit","Frais de Notaire 2026 ‚Äì Estimation gratuite | LesCalculateurs",HIGH,-2,271,OUI,2,110,O,"Verbalisation forte + Alertes multiples"
blog\departements\frais-notaire-23.html,"Frais de notaire 2026 Creuse (23) ‚Äì Simulation gratuite","Frais de Notaire 2026 ‚Äì Estimation gratuite | LesCalculateurs",HIGH,-2,276,OUI,2,110,O,"Verbalisation forte + Alertes multiples"
blog\departements\frais-notaire-24.html,"Frais de notaire 2026 Dordogne (24) ‚Äì Simulation gratuite","Frais de Notaire 2026 ‚Äì Estimation gratuite | LesCalculateurs",HIGH,-2,281,OUI,2,110,O,"Verbalisation forte + Alertes multiples"
blog\departements\frais-notaire-25.html,"Frais de notaire 2026 Doubs (25) ‚Äì Simulation gratuite","Frais de Notaire 2026 ‚Äì Estimation gratuite | LesCalculateurs",HIGH,-2,286,OUI,2,110,O,"Verbalisation forte + Alertes multiples"
blog\departements\frais-notaire-26.html,"Frais de notaire 2026 Dr√¥me (26) ‚Äì Simulation gratuite","Frais de Notaire 2026 ‚Äì Estimation gratuite | LesCalculateurs",HIGH,-2,291,OUI,2,110,O,"Verbalisation forte + Alertes multiples"
blog\departements\frais-notaire-27.html,"Frais de notaire 2026 Eure (27) ‚Äì Simulation gratuite","Frais de Notaire 2026 ‚Äì Estimation gratuite | LesCalculateurs",HIGH,-2,296,OUI,2,110,O,"Verbalisation forte + Alertes multiples"
blog\departements\frais-notaire-28.html,"Frais de notaire 2026 Eure-et-Loir (28) ‚Äì Calcul gratuit","Frais de Notaire 2026 ‚Äì Estimation gratuite | LesCalculateurs",HIGH,-2,301,OUI,2,110,O,"Verbalisation forte + Alertes multiples"
blog\departements\frais-notaire-29.html,"Frais de notaire 2026 Finist√®re (29) ‚Äì Simulation gratuite","Frais de Notaire 2026 ‚Äì Estimation gratuite | LesCalculateurs",HIGH,-2,306,OUI,2,110,O,"Verbalisation forte + Alertes multiples"
blog\departements\frais-notaire-2A.html,"Frais de notaire 2026 Corse-du-Sud (2A) ‚Äì Calcul gratuit","Frais de Notaire 2026 ‚Äì Estimation gratuite | LesCalculateurs",HIGH,-2,311,OUI,2,110,O,"Verbalisation forte + Alertes multiples"
blog\departements\frais-notaire-2B.html,"Frais de notaire 2026 Haute-Corse (2B) ‚Äì Simulation gratuite","Frais de Notaire 2026 ‚Äì Estimation gratuite | LesCalculateurs",HIGH,-2,316,OUI,2,110,O,"Verbalisation forte + Alertes multiples"
blog\departements\frais-notaire-30.html,"Frais de notaire 2026 Gard (30) ‚Äì Simulation gratuite","Frais de Notaire 2026 ‚Äì Estimation gratuite | LesCalculateurs",HIGH,-2,321,OUI,2,110,O,"Verbalisation forte + Alertes multiples"
blog\departements\frais-notaire-31.html,"Frais de notaire 2026 Haute-Garonne (31) ‚Äì Calcul gratuit","Frais de Notaire 2026 ‚Äì Estimation gratuite | LesCalculateurs",HIGH,-2,326,OUI,2,110,O,"Verbalisation forte + Alertes multiples"
blog\departements\frais-notaire-32.html,"Frais de notaire 2026 Gers (32) ‚Äì Simulation gratuite","Frais de Notaire 2026 ‚Äì Estimation gratuite | LesCalculateurs",HIGH,-2,331,OUI,2,110,O,"Verbalisation forte + Alertes multiples"
blog\departements\frais-notaire-33.html,"Frais de notaire 2026 Gironde (33) ‚Äì Simulation gratuite","Frais de Notaire 2026 ‚Äì Estimation gratuite | LesCalculateurs",HIGH,-2,336,OUI,2,110,O,"Verbalisation forte + Alertes multiples"
blog\departements\frais-notaire-34.html,"Frais de notaire 2026 H√©rault (34) ‚Äì Simulation gratuite","Frais de Notaire 2026 ‚Äì Estimation gratuite | LesCalculateurs",HIGH,-2,342,OUI,2,110,O,"Verbalisation forte + Alertes multiples"
blog\departements\frais-notaire-35.html,"Frais de notaire 2026 Ille-et-Vilaine (35) ‚Äì Calcul gratuit","Frais de Notaire 2026 ‚Äì Estimation gratuite | LesCalculateurs",HIGH,-2,347,OUI,2,110,O,"Verbalisation forte + Alertes multiples"
blog\departements\frais-notaire-36.html,"Frais de notaire 2026 Indre (36) ‚Äì Simulation gratuite","Frais de Notaire 2026 ‚Äì Estimation gratuite | LesCalculateurs",HIGH,-2,352,OUI,2,110,O,"Verbalisation forte + Alertes multiples"
blog\departements\frais-notaire-37.html,"Frais de notaire 2026 Indre-et-Loire (37) ‚Äì Calcul gratuit","Frais de Notaire 2026 ‚Äì Estimation gratuite | LesCalculateurs",HIGH,-2,357,OUI,2,110,O,"Verbalisation forte + Alertes multiples"
blog\departements\frais-notaire-38.html,"Frais de notaire 2026 Is√®re (38) ‚Äì Simulation gratuite","Frais de Notaire 2026 ‚Äì Estimation gratuite | LesCalculateurs",HIGH,-2,363,OUI,2,110,O,"Verbalisation forte + Alertes multiples"
blog\departements\frais-notaire-39.html,"Frais de notaire 2026 Jura (39) ‚Äì Simulation gratuite","Frais de Notaire 2026 ‚Äì Estimation gratuite | LesCalculateurs",HIGH,-2,368,OUI,2,110,O,"Verbalisation forte + Alertes multiples"
blog\departements\frais-notaire-40.html,"Frais de notaire 2026 Landes (40) ‚Äì Simulation gratuite","Frais de Notaire 2026 ‚Äì Estimation gratuite | LesCalculateurs",HIGH,-2,373,OUI,2,110,O,"Verbalisation forte + Alertes multiples"
blog\departements\frais-notaire-41.html,"Frais de notaire 2026 Loir-et-Cher (41) ‚Äì Calcul gratuit","Frais de Notaire 2026 ‚Äì Estimation gratuite | LesCalculateurs",HIGH,-2,378,OUI,2,110,O,"Verbalisation forte + Alertes multiples"
blog\departements\frais-notaire-42.html,"Frais de notaire 2026 Loire (42) ‚Äì Simulation gratuite","Frais de Notaire 2026 ‚Äì Estimation gratuite | LesCalculateurs",HIGH,-2,383,OUI,2,110,O,"Verbalisation forte + Alertes multiples"
blog\departements\frais-notaire-43.html,"Frais de notaire 2026 Haute-Loire (43) ‚Äì Simulation gratuite","Frais de Notaire 2026 ‚Äì Estimation gratuite | LesCalculateurs",HIGH,-2,388,OUI,2,110,O,"Verbalisation forte + Alertes multiples"
blog\departements\frais-notaire-44.html,"Frais de notaire 2026 Loire-Atlantique (44) ‚Äì Calcul gratuit","Frais de Notaire 2026 ‚Äì Estimation gratuite | LesCalculateurs",HIGH,-2,393,OUI,2,110,O,"Verbalisation forte + Alertes multiples"
blog\departements\frais-notaire-45.html,"Frais de notaire 2026 Loiret (45) ‚Äì Simulation gratuite","Frais de Notaire 2026 ‚Äì Estimation gratuite | LesCalculateurs",HIGH,-2,398,OUI,2,110,O,"Verbalisation forte + Alertes multiples"
blog\departements\frais-notaire-46.html,"Frais de notaire 2026 Lot (46) ‚Äì Simulation gratuite","Frais de Notaire 2026 ‚Äì Estimation gratuite | LesCalculateurs",HIGH,-2,403,OUI,2,110,O,"Verbalisation forte + Alertes multiples"
blog\departements\frais-notaire-47.html,"Frais de notaire 2026 Lot-et-Garonne (47) ‚Äì Calcul gratuit","Frais de Notaire 2026 ‚Äì Estimation gratuite | LesCalculateurs",HIGH,-2,408,OUI,2,110,O,"Verbalisation forte + Alertes multiples"
blog\departements\frais-notaire-48.html,"Frais de notaire 2026 Loz√®re (48) ‚Äì Simulation gratuite","Frais de Notaire 2026 ‚Äì Estimation gratuite | LesCalculateurs",HIGH,-2,413,OUI,2,110,O,"Verbalisation forte + Alertes multiples"
blog\departements\frais-notaire-49.html,"Frais de notaire 2026 Maine-et-Loire (49) ‚Äì Calcul gratuit","Frais de Notaire 2026 ‚Äì Estimation gratuite | LesCalculateurs",HIGH,-2,418,OUI,2,110,O,"Verbalisation forte + Alertes multiples"
blog\departements\frais-notaire-50.html,"Frais de notaire 2026 Manche (50) ‚Äì Simulation gratuite","Frais de Notaire 2026 ‚Äì Estimation gratuite | LesCalculateurs",HIGH,-2,423,OUI,2,110,O,"Verbalisation forte + Alertes multiples"
blog\departements\frais-notaire-51.html,"Frais de notaire 2026 Marne (51) ‚Äì Simulation gratuite","Frais de Notaire 2026 ‚Äì Estimation gratuite | LesCalculateurs",HIGH,-2,428,OUI,2,110,O,"Verbalisation forte + Alertes multiples"
blog\departements\frais-notaire-52.html,"Frais de notaire 2026 Haute-Marne (52) ‚Äì Simulation gratuite","Frais de Notaire 2026 ‚Äì Estimation gratuite | LesCalculateurs",HIGH,-2,433,OUI,2,110,O,"Verbalisation forte + Alertes multiples"
blog\departements\frais-notaire-53.html,"Frais de notaire 2026 Mayenne (53) ‚Äì Simulation gratuite","Frais de Notaire 2026 ‚Äì Estimation gratuite | LesCalculateurs",HIGH,-2,438,OUI,2,110,O,"Verbalisation forte + Alertes multiples"
blog\departements\frais-notaire-54.html,"Frais de notaire 2026 Meurthe-et-Moselle (54) ‚Äì Simu gratuite","Frais de Notaire 2026 ‚Äì Estimation gratuite | LesCalculateurs",HIGH,-2,443,OUI,2,110,O,"Verbalisation forte + Alertes multiples"
blog\departements\frais-notaire-55.html,"Frais de notaire 2026 Meuse (55) ‚Äì Simulation gratuite","Frais de Notaire 2026 ‚Äì Estimation gratuite | LesCalculateurs",HIGH,-2,448,OUI,2,110,O,"Verbalisation forte + Alertes multiples"
blog\departements\frais-notaire-56.html,"Frais de notaire 2026 Morbihan (56) ‚Äì Simulation gratuite","Frais de Notaire 2026 ‚Äì Estimation gratuite | LesCalculateurs",HIGH,-2,454,OUI,2,110,O,"Verbalisation forte + Alertes multiples"
blog\departements\frais-notaire-57.html,"Frais de notaire 2026 Moselle (57) ‚Äì Simulation gratuite","Frais de Notaire 2026 ‚Äì Estimation gratuite | LesCalculateurs",HIGH,-2,459,OUI,2,110,O,"Verbalisation forte + Alertes multiples"
blog\departements\frais-notaire-58.html,"Frais de notaire 2026 Ni√®vre (58) ‚Äì Simulation gratuite","Frais de Notaire 2026 ‚Äì Estimation gratuite | LesCalculateurs",HIGH,-2,464,OUI,2,110,O,"Verbalisation forte + Alertes multiples"
blog\departements\frais-notaire-59.html,"Frais de notaire 2026 Nord (59) ‚Äì Simulation gratuite","Frais de Notaire 2026 ‚Äì Estimation gratuite | LesCalculateurs",HIGH,-2,469,OUI,2,110,O,"Verbalisation forte + Alertes multiples"
blog\departements\frais-notaire-60.html,"Frais de notaire 2026 Oise (60) ‚Äì Simulation gratuite","Frais de Notaire 2026 ‚Äì Estimation gratuite | LesCalculateurs",HIGH,-2,474,OUI,2,110,O,"Verbalisation forte + Alertes multiples"
blog\departements\frais-notaire-61.html,"Frais de notaire 2026 Orne (61) ‚Äì Simulation gratuite","Frais de Notaire 2026 ‚Äì Estimation gratuite | LesCalculateurs",HIGH,-2,479,OUI,2,110,O,"Verbalisation forte + Alertes multiples"
blog\departements\frais-notaire-62.html,"Frais de notaire 2026 Pas-de-Calais (62) ‚Äì Calcul gratuit","Frais de Notaire 2026 ‚Äì Estimation gratuite | LesCalculateurs",HIGH,-2,484,OUI,2,110,O,"Verbalisation forte + Alertes multiples"
blog\departements\frais-notaire-63.html,"Frais de notaire 2026 Puy-de-D√¥me (63) ‚Äì Simulation gratuite","Frais de Notaire 2026 ‚Äì Estimation gratuite | LesCalculateurs",HIGH,-2,489,OUI,2,110,O,"Verbalisation forte + Alertes multiples"
blog\departements\frais-notaire-64.html,"Frais de notaire 2026 Pyr√©n√©es-Atlantiques (64) ‚Äì Simu gratuite","Frais de Notaire 2026 ‚Äì Estimation gratuite | LesCalculateurs",HIGH,-2,494,OUI,2,110,O,"Verbalisation forte + Alertes multiples"
blog\departements\frais-notaire-65.html,"Frais de notaire 2026 Hautes-Pyr√©n√©es (65) ‚Äì Calcul gratuit","Frais de Notaire 2026 ‚Äì Estimation gratuite | LesCalculateurs",HIGH,-2,499,OUI,2,110,O,"Verbalisation forte + Alertes multiples"
blog\departements\frais-notaire-66.html,"Frais de notaire 2026 Pyr√©n√©es-Orientales (66) ‚Äì Simu gratuite","Frais de Notaire 2026 ‚Äì Estimation gratuite | LesCalculateurs",HIGH,-2,504,OUI,2,110,O,"Verbalisation forte + Alertes multiples"
blog\departements\frais-notaire-67.html,"Frais de notaire 2026 Bas-Rhin (67) ‚Äì Simulation gratuite","Frais de Notaire 2026 ‚Äì Estimation gratuite | LesCalculateurs",HIGH,-2,509,OUI,2,110,O,"Verbalisation forte + Alertes multiples"
blog\departements\frais-notaire-68.html,"Frais de notaire 2026 Haut-Rhin (68) ‚Äì Simulation gratuite","Frais de Notaire 2026 ‚Äì Estimation gratuite | LesCalculateurs",HIGH,-2,514,OUI,2,110,O,"Verbalisation forte + Alertes multiples"
blog\departements\frais-notaire-69.html,"Frais de notaire 2026 Rh√¥ne (69) ‚Äì Simulation gratuite","Frais de Notaire 2026 ‚Äì Estimation gratuite | LesCalculateurs",HIGH,-2,519,OUI,2,110,O,"Verbalisation forte + Alertes multiples"
blog\departements\frais-notaire-70.html,"Frais de notaire 2026 Haute-Sa√¥ne (70) ‚Äì Simulation gratuite","Frais de Notaire 2026 ‚Äì Estimation gratuite | LesCalculateurs",HIGH,-2,524,OUI,2,110,O,"Verbalisation forte + Alertes multiples"
blog\departements\frais-notaire-71.html,"Frais de notaire 2026 Sa√¥ne-et-Loire (71) ‚Äì Calcul gratuit","Frais de Notaire 2026 ‚Äì Estimation gratuite | LesCalculateurs",HIGH,-2,529,OUI,2,110,O,"Verbalisation forte + Alertes multiples"
blog\departements\frais-notaire-72.html,"Frais de notaire 2026 Sarthe (72) ‚Äì Simulation gratuite","Frais de Notaire 2026 ‚Äì Estimation gratuite | LesCalculateurs",HIGH,-2,534,OUI,2,110,O,"Verbalisation forte + Alertes multiples"
blog\departements\frais-notaire-73.html,"Frais de notaire 2026 Savoie (73) ‚Äì Simulation gratuite","Frais de Notaire 2026 ‚Äì Estimation gratuite | LesCalculateurs",HIGH,-2,539,OUI,2,110,O,"Verbalisation forte + Alertes multiples"
blog\departements\frais-notaire-74.html,"Frais de notaire 2026 Haute-Savoie (74) ‚Äì Calcul gratuit","Frais de Notaire 2026 ‚Äì Estimation gratuite | LesCalculateurs",HIGH,-2,544,OUI,2,110,O,"Verbalisation forte + Alertes multiples"
blog\departements\frais-notaire-75.html,"Frais de notaire 2026 Paris (75) ‚Äì Simulation gratuite","Frais de Notaire 2026 ‚Äì Estimation gratuite | LesCalculateurs",HIGH,-2,549,OUI,2,110,O,"Verbalisation forte + Alertes multiples"
blog\departements\frais-notaire-76.html,"Frais de notaire 2026 Seine-Maritime (76) ‚Äì Calcul gratuit","Frais de Notaire 2026 ‚Äì Estimation gratuite | LesCalculateurs",HIGH,-2,554,OUI,2,110,O,"Verbalisation forte + Alertes multiples"
blog\departements\frais-notaire-77.html,"Frais de notaire 2026 Seine-et-Marne (77) ‚Äì Calcul gratuit","Frais de Notaire 2026 ‚Äì Estimation gratuite | LesCalculateurs",HIGH,-2,559,OUI,2,110,O,"Verbalisation forte + Alertes multiples"
blog\departements\frais-notaire-78.html,"Frais de notaire 2026 Yvelines (78) ‚Äì Simulation gratuite","Frais de Notaire 2026 ‚Äì Estimation gratuite | LesCalculateurs",HIGH,-2,564,OUI,2,110,O,"Verbalisation forte + Alertes multiples"
blog\departements\frais-notaire-79.html,"Frais de notaire 2026 Deux-S√®vres (79) ‚Äì Simulation gratuite","Frais de Notaire 2026 ‚Äì Estimation gratuite | LesCalculateurs",HIGH,-2,569,OUI,2,110,O,"Verbalisation forte + Alertes multiples"
blog\departements\frais-notaire-80.html,"Frais de notaire 2026 Somme (80) ‚Äì Simulation gratuite","Frais de Notaire 2026 ‚Äì Estimation gratuite | LesCalculateurs",HIGH,-2,574,OUI,2,110,O,"Verbalisation forte + Alertes multiples"
blog\departements\frais-notaire-81.html,"Frais de notaire 2026 Tarn (81) ‚Äì Simulation gratuite","Frais de Notaire 2026 ‚Äì Estimation gratuite | LesCalculateurs",HIGH,-2,579,OUI,2,110,O,"Verbalisation forte + Alertes multiples"
blog\departements\frais-notaire-82.html,"Frais de notaire 2026 Tarn-et-Garonne (82) ‚Äì Calcul gratuit","Frais de Notaire 2026 ‚Äì Estimation gratuite | LesCalculateurs",HIGH,-2,584,OUI,2,110,O,"Verbalisation forte + Alertes multiples"
blog\departements\frais-notaire-83.html,"Frais de notaire 2026 Var (83) ‚Äì Simulation gratuite","Frais de Notaire 2026 ‚Äì Estimation gratuite | LesCalculateurs",HIGH,-2,590,OUI,2,110,O,"Verbalisation forte + Alertes multiples"
blog\departements\frais-notaire-84.html,"Frais de notaire 2026 Vaucluse (84) ‚Äì Simulation gratuite","Frais de Notaire 2026 ‚Äì Estimation gratuite | LesCalculateurs",HIGH,-2,596,OUI,2,110,O,"Verbalisation forte + Alertes multiples"
blog\departements\frais-notaire-85.html,"Frais de notaire 2026 Vend√©e (85) ‚Äì Simulation gratuite","Frais de Notaire 2026 ‚Äì Estimation gratuite | LesCalculateurs",HIGH,-2,601,OUI,2,110,O,"Verbalisation forte + Alertes multiples"
blog\departements\frais-notaire-86.html,"Frais de notaire 2026 Vienne (86) ‚Äì Simulation gratuite","Frais de Notaire 2026 ‚Äì Estimation gratuite | LesCalculateurs",HIGH,-2,606,OUI,2,110,O,"Verbalisation forte + Alertes multiples"
blog\departements\frais-notaire-87.html,"Frais de notaire 2026 Haute-Vienne (87) ‚Äì Calcul gratuit","Frais de Notaire 2026 ‚Äì Estimation gratuite | LesCalculateurs",HIGH,-2,611,OUI,2,110,O,"Verbalisation forte + Alertes multiples"
blog\departements\frais-notaire-88.html,"Frais de notaire 2026 Vosges (88) ‚Äì Simulation gratuite","Frais de Notaire 2026 ‚Äì Estimation gratuite | LesCalculateurs",HIGH,-2,616,OUI,2,110,O,"Verbalisation forte + Alertes multiples"
blog\departements\frais-notaire-89.html,"Frais de notaire 2026 Yonne (89) ‚Äì Simulation gratuite","Frais de Notaire 2026 ‚Äì Estimation gratuite | LesCalculateurs",HIGH,-2,621,OUI,2,110,O,"Verbalisation forte + Alertes multiples"
blog\departements\frais-notaire-90.html,"Frais de notaire 2026 Territoire de Belfort (90) ‚Äì Simu gratuite","Frais de Notaire 2026 ‚Äì Estimation gratuite | LesCalculateurs",HIGH,-2,626,OUI,2,110,O,"Verbalisation forte + Alertes multiples"
blog\departements\frais-notaire-91.html,"Frais de notaire 2026 Essonne (91) ‚Äì Simulation gratuite","Frais de Notaire 2026 ‚Äì Estimation gratuite | LesCalculateurs",HIGH,-2,631,OUI,2,110,O,"Verbalisation forte + Alertes multiples"
blog\departements\frais-notaire-92.html,"Frais de notaire 2026 Hauts-de-Seine (92) ‚Äì Calcul gratuit","Frais de Notaire 2026 ‚Äì Estimation gratuite | LesCalculateurs",HIGH,-2,636,OUI,2,110,O,"Verbalisation forte + Alertes multiples"
blog\departements\frais-notaire-93.html,"Frais de notaire 2026 Seine-Saint-Denis (93) ‚Äì Simu gratuite","Frais de Notaire 2026 ‚Äì Estimation gratuite | LesCalculateurs",HIGH,-2,641,OUI,2,110,O,"Verbalisation forte + Alertes multiples"
blog\departements\frais-notaire-94.html,"Frais de notaire 2026 Val-de-Marne (94) ‚Äì Calcul gratuit","Frais de Notaire 2026 ‚Äì Estimation gratuite | LesCalculateurs",HIGH,-2,646,OUI,2,110,O,"Verbalisation forte + Alertes multiples"
blog\departements\frais-notaire-95.html,"Frais de notaire 2026 Val-d'Oise (95) ‚Äì Simulation gratuite","Frais de Notaire 2026 ‚Äì Estimation gratuite | LesCalculateurs",HIGH,-2,652,OUI,2,110,O,"Verbalisation forte + Alertes multiples"
blog\departements\frais-notaire-971.html,"Frais de notaire 2026 Guadeloupe (971) ‚Äì Simulation gratuite","Frais de Notaire 2026 ‚Äì Estimation gratuite | LesCalculateurs",HIGH,-1,657,OUI,2,110,O,"Verbalisation forte + Alertes multiples"
blog\departements\frais-notaire-972.html,"Frais de notaire 2026 Martinique (972) ‚Äì Simulation gratuite","Frais de Notaire 2026 ‚Äì Estimation gratuite | LesCalculateurs",HIGH,-1,663,OUI,2,110,O,"Verbalisation forte + Alertes multiples"
blog\departements\frais-notaire-973.html,"Frais de notaire 2026 Guyane (973) ‚Äì Simulation gratuite","Frais de Notaire 2026 ‚Äì Estimation gratuite | LesCalculateurs",HIGH,-1,668,OUI,2,110,O,"Verbalisation forte + Alertes multiples"
blog\departements\frais-notaire-974.html,"Frais de notaire 2026 La R√©union (974) ‚Äì Simulation gratuite","Frais de Notaire 2026 ‚Äì Estimation gratuite | LesCalculateurs",HIGH,-1,674,OUI,2,110,O,"Verbalisation forte + Alertes multiples"
blog\departements\frais-notaire-975.html,"Frais de notaire 2026 Saint-Pierre-et-Miquelon (975) ‚Äì Simu gratuite","Frais de Notaire 2026 ‚Äì Estimation gratuite | LesCalculateurs",HIGH,-1,679,OUI,2,110,O,"Verbalisation forte + Alertes multiples"
blog\departements\frais-notaire-976.html,"Frais de notaire 2026 Mayotte (976) ‚Äì Simulation gratuite","Frais de Notaire 2026 ‚Äì Estimation gratuite | LesCalculateurs",HIGH,-1,684,OUI,2,110,O,"Verbalisation forte + Alertes multiples"
blog\export-pdf-calculateurs.html,"
      Comment exporter vos calculs en PDF - Guide 2026 | LesCalculateurs.fr
    ","
          comment exporter vos calculs 2026 ‚Äì Simulateur | LesCalculateurs",HIGH,-3,684,OUI,2,141,O,"Verbalisation forte + Alertes multiples"
blog\frais-notaire-ancien-neuf-2026.html,"
      Frais de notaire 2026 : ancien vs neuf - √âconomie r√©elle et simulateur
    ","Frais de Notaire 2026 ‚Äì Estimation gratuite | LesCalculateurs",HIGH,49,736,OUI,2,110,O,"Verbalisation forte + Alertes multiples"
blog\frais-notaire-departements.html,"
      üè† Frais de Notaire 2026 par D√©partement ‚Äî bar√®mes et droits par r√©gion
    ","Frais de Notaire 2026 ‚Äì Estimation gratuite | LesCalculateurs",HIGH,0,742,OUI,2,110,O,"Verbalisation forte + Alertes multiples"
blog\inflation-cout-vie-2026.html,"Inflation 2026 : combien va-t-elle vraiment vous co√ªter chaque mois ?","
          combien l‚Äôinflation va r√©ell 2026 ‚Äì Simulateur | LesCalculateurs",HIGH,-2,742,OUI,2,141,O,"Verbalisation forte + Alertes multiples"
blog\revalorisation-smic-2026.html,"Revalorisation du SMIC 2026 : impact r√©el sur votre salaire","
          ce que la revalorisation du  2026 ‚Äì Simulateur | LesCalculateurs",HIGH,-2,742,OUI,2,141,O,"Verbalisation forte + Alertes multiples"
blog\salarie-ou-auto-entrepreneur-2026.html,"Salari√© ou auto-entrepreneur : qui gagne le plus en 2026 ?","
          salari√© ou auto-entrepreneur 2026 ‚Äì Simulateur | LesCalculateurs",HIGH,-2,742,OUI,2,141,O,"Verbalisation forte + Alertes multiples"
blog.html,"
      üìà Blog Finance 2026 - Conseils pratiques et sources officielles
    ","ÔøΩüì∞ blog 2026 ‚Äì Simulateur | LesCalculateurs",HIGH,-1,744,OUI,2,108,O,"Verbalisation forte + Alertes multiples"
charges\index.html,"Simulateur charges de copropri√©t√© 2026 ‚Äì Estimation","
            simulateur charges de copr 2026 ‚Äì Simulateur | LesCalculateurs",HIGH,8,758,OUI,2,141,O,"Verbalisation forte + Alertes multiples"
charges.html,"Simulateur charges de copropri√©t√© 2026 ‚Äì Estimation","
            simulateur charges de copr 2026 ‚Äì Simulateur | LesCalculateurs",HIGH,8,772,OUI,2,141,O,"Verbalisation forte + Alertes multiples"
comment-calculer-frais-notaire.html,"Comment calculer les frais de notaire en France ?","Frais de Notaire 2026 ‚Äì Estimation gratuite | LesCalculateurs",MED,29,805,OUI,2,110,O,"Verbalisation mod√©r√©e + Alerte tableau"
comment-calculer-plus-value.html,"Comment calculer la plus-value immobili√®re ?","Plus-Value Immo 2026 ‚Äì Calculez votre gain | LesCalculateurs",HIGH,15,829,OUI,2,124,O,"Verbalisation forte + Alertes multiples"
crypto-bourse.html,"Simulateur plus-value crypto 2026 ‚Äì Calcul imp√¥t 30 %","
                simulateur plus-value  2026 ‚Äì Simulateur | LesCalculateurs",HIGH,0,844,OUI,2,141,O,"Verbalisation forte + Alertes multiples"
financement\index.html,"Simulateur financement personnel 2026 ‚Äì Capacit√© cr√©dit","
            simulateur financement per 2026 ‚Äì Simulateur | LesCalculateurs",HIGH,-2,846,OUI,2,141,O,"Verbalisation forte + Alertes multiples"
financement.html,"Simulateur financement personnel 2026 ‚Äì Capacit√© cr√©dit","
            simulateur financement per 2026 ‚Äì Simulateur | LesCalculateurs",HIGH,-2,848,OUI,2,141,O,"Verbalisation forte + Alertes multiples"
ik\index.html,"
      Indemnit√©s Kilom√©triques ‚Äî Calcul automatique (dernier bar√®me connu)
    ","
              simulateur indemnit√©s ki 2026 ‚Äì Simulateur | LesCalculateurs",HIGH,-2,850,OUI,2,141,O,"Verbalisation forte + Alertes multiples"
ik.html,"
      Indemnit√©s Kilom√©triques ‚Äî Calcul automatique (dernier bar√®me connu)
    ","
              simulateur indemnit√©s ki 2026 ‚Äì Simulateur | LesCalculateurs",HIGH,-2,852,OUI,2,141,O,"Verbalisation forte + Alertes multiples"
impot\calcul-impot-sur-le-revenu\index.html,"Calcul imp√¥t sur le revenu (2026)","Ccalcul imp√¥t sur le revenu 2026 ‚Äì Simulateur | LesCalculateurs",HIGH,-4,852,OUI,2,127,O,"Verbalisation forte + Alertes multiples"
impot\calcul-impot-sur-le-revenu.html,"Calcul imp√¥t sur le revenu (2026)","Simulateur Imp√¥t 2026 ‚Äì Calculez votre revenu | LesCalculateurs",HIGH,-5,852,OUI,2,124,O,"Verbalisation forte + Alertes multiples"
impot\charges-deductibles-des-impots\index.html,"Charges d√©ductibles des imp√¥ts (2026)","Ccharges d√©ductibles des imp√¥ts 2026 ‚Äì Simulateur | LesCalculateurs",HIGH,-4,852,OUI,2,131,O,"Verbalisation forte + Alertes multiples"
impot\charges-deductibles-des-impots.html,"Charges d√©ductibles des imp√¥ts (2026)","Simulateur Imp√¥t 2026 ‚Äì Calculez votre revenu | LesCalculateurs",HIGH,-5,852,OUI,2,124,O,"Verbalisation forte + Alertes multiples"
impot\heures-supplementaires-comment-les-calculer\index.html,"Heures suppl√©mentaires : comment les calculer (2026)","Hheures suppl√©mentaires : comment les cal 2026 ‚Äì Simulateur | LesCalculateurs",HIGH,-4,852,OUI,2,141,O,"Verbalisation forte + Alertes multiples"
impot\heures-supplementaires-comment-les-calculer.html,"Heures suppl√©mentaires : comment les calculer (2026)","Hheures suppl√©mentaires : comment les cal 2026 ‚Äì Simulateur | LesCalculateurs",HIGH,-4,852,OUI,2,141,O,"Verbalisation forte + Alertes multiples"
impot\impot-auto-entrepreneur\index.html,"Imp√¥t auto-entrepreneur (2026)","Iimp√¥t auto-entrepreneur 2026 ‚Äì Simulateur | LesCalculateurs",HIGH,-4,852,OUI,2,124,O,"Verbalisation forte + Alertes multiples"
impot\impot-auto-entrepreneur.html,"Imp√¥t auto-entrepreneur (2026)","Simulateur Imp√¥t 2026 ‚Äì Calculez votre revenu | LesCalculateurs",HIGH,-5,852,OUI,2,124,O,"Verbalisation forte + Alertes multiples"
impot\impot-couple-ou-separe\index.html,"Imp√¥t couple ou s√©par√© (2026)","Iimp√¥t couple ou s√©par√© 2026 ‚Äì Simulateur | LesCalculateurs",HIGH,-4,852,OUI,2,123,O,"Verbalisation forte + Alertes multiples"
impot\impot-couple-ou-separe.html,"Imp√¥t couple ou s√©par√© (2026)","Simulateur Imp√¥t 2026 ‚Äì Calculez votre revenu | LesCalculateurs",HIGH,-5,852,OUI,2,124,O,"Verbalisation forte + Alertes multiples"
impot\indemnites-kilometriques-calcul\index.html,"Indemnit√©s kilom√©triques : calcul (2026)","Iindemnit√©s kilom√©triques : calcul 2026 ‚Äì Simulateur | LesCalculateurs",HIGH,-4,852,OUI,2,134,O,"Verbalisation forte + Alertes multiples"
impot\indemnites-kilometriques-calcul.html,"Indemnit√©s kilom√©triques : calcul (2026)","Iindemnit√©s kilom√©triques : calcul 2026 ‚Äì Simulateur | LesCalculateurs",HIGH,-4,852,OUI,2,134,O,"Verbalisation forte + Alertes multiples"
impot\index.html,"Simulateur imp√¥t sur le revenu 2026 ‚Äì Calcul officiel","Iindex 2026 ‚Äì Simulateur | LesCalculateurs",HIGH,6,858,OUI,2,106,O,"Verbalisation forte + Alertes multiples"
impot\revenu-fiscal-de-reference-definition\index.html,"Revenu fiscal de r√©f√©rence : d√©finition (2026)","Rrevenu fiscal de r√©f√©rence : d√©finition 2026 ‚Äì Simulateur | LesCalculateurs",HIGH,-4,858,OUI,2,140,O,"Verbalisation forte + Alertes multiples"
impot\revenu-fiscal-de-reference-definition.html,"Revenu fiscal de r√©f√©rence : d√©finition (2026)","Rrevenu fiscal de r√©f√©rence : d√©finition 2026 ‚Äì Simulateur | LesCalculateurs",HIGH,-4,858,OUI,2,140,O,"Verbalisation forte + Alertes multiples"
impot\simulateur-impots-gratuit-a-quoi-sert-il\index.html,"Simulateur imp√¥ts gratuit : √† quoi sert-il ? (2026)","Ssimulateur imp√¥ts gratuit : √† quoi sert- 2026 ‚Äì Simulateur | LesCalculateurs",HIGH,-4,858,OUI,2,141,O,"Verbalisation forte + Alertes multiples"
impot\simulateur-impots-gratuit-a-quoi-sert-il.html,"Simulateur imp√¥ts gratuit : √† quoi sert-il ? (2026)","Simulateur Imp√¥t 2026 ‚Äì Calculez votre revenu | LesCalculateurs",HIGH,-5,858,OUI,2,124,O,"Verbalisation forte + Alertes multiples"
impot\tranches-d-impot-2026\index.html,"Tranches d‚Äôimp√¥t 2026 (2026)","Ttranches d‚Äôimp√¥t 2026 2026 ‚Äì Simulateur | LesCalculateurs",HIGH,-4,858,OUI,2,122,O,"Verbalisation forte + Alertes multiples"
impot\tranches-d-impot-2026.html,"Tranches d‚Äôimp√¥t 2026 (2026)","Simulateur Imp√¥t 2026 ‚Äì Calculez votre revenu | LesCalculateurs",HIGH,-3,858,OUI,2,124,O,"Verbalisation forte + Alertes multiples"
impot.html,"Simulateur imp√¥t sur le revenu 2026 ‚Äì Calcul officiel","Simulateur Imp√¥t 2026 ‚Äì Calculez votre revenu | LesCalculateurs",HIGH,5,864,OUI,2,124,O,"Verbalisation forte + Alertes multiples"
methodologie.html,"Notre M√©thodologie ‚Äî LesCalculateurs.fr","Nnotre m√©thodologie 2026 ‚Äì Simulateur | LesCalculateurs",HIGH,-3,865,OUI,2,119,O,"Verbalisation forte + Alertes multiples"
notaire.html,"Simulateur frais de notaire 2026 ‚Äì Calcul officiel gratuit","Frais de Notaire 2026 ‚Äì Estimation gratuite | LesCalculateurs",HIGH,6,882,OUI,2,110,O,"Verbalisation forte + Alertes multiples"
plusvalue\abattement-pour-duree-de-detention\index.html,"Abattement pour dur√©e de d√©tention (2026)","Aabattement pour dur√©e de d√©tention 2026 ‚Äì Simulateur | LesCalculateurs",MED,-4,882,OUI,2,135,O,"Verbalisation mod√©r√©e + Alerte tableau"
plusvalue\abattement-pour-duree-de-detention.html,"Abattement pour dur√©e de d√©tention (2026)","Aabattement pour dur√©e de d√©tention 2026 ‚Äì Simulateur | LesCalculateurs",MED,-4,882,OUI,2,135,O,"Verbalisation mod√©r√©e + Alerte tableau"
plusvalue\calcul-plus-value-immobiliere\index.html,"Calcul plus-value immobili√®re (2026)","Ccalcul plus-value immobili√®re 2026 ‚Äì Simulateur | LesCalculateurs",MED,-4,882,OUI,2,130,O,"Verbalisation mod√©r√©e + Alerte tableau"
plusvalue\calcul-plus-value-immobiliere.html,"Calcul plus-value immobili√®re (2026)","Plus-Value Immo 2026 ‚Äì Calculez votre gain | LesCalculateurs",MED,-4,882,OUI,2,124,O,"Verbalisation mod√©r√©e + Alerte tableau"
plusvalue\comment-reduire-la-plus-value-immobiliere\index.html,"Comment r√©duire la plus-value immobili√®re (2026)","Ccomment r√©duire la plus-value immobili√®r 2026 ‚Äì Simulateur | LesCalculateurs",MED,-4,882,OUI,2,141,O,"Verbalisation mod√©r√©e + Alerte tableau"
plusvalue\comment-reduire-la-plus-value-immobiliere.html,"Comment r√©duire la plus-value immobili√®re (2026)","Plus-Value Immo 2026 ‚Äì Calculez votre gain | LesCalculateurs",MED,-4,882,OUI,2,124,O,"Verbalisation mod√©r√©e + Alerte tableau"
plusvalue\exoneration-plus-value-residence-principale\index.html,"Exon√©ration plus-value r√©sidence principale (2026)","Eexon√©ration plus-value r√©sidence princip 2026 ‚Äì Simulateur | LesCalculateurs",MED,-4,882,OUI,2,141,O,"Verbalisation mod√©r√©e + Alerte tableau"
plusvalue\exoneration-plus-value-residence-principale.html,"Exon√©ration plus-value r√©sidence principale (2026)","Plus-Value Immo 2026 ‚Äì Calculez votre gain | LesCalculateurs",MED,-4,882,OUI,2,124,O,"Verbalisation mod√©r√©e + Alerte tableau"
plusvalue\index.html,"Simulateur plus-value immobili√®re 2026 ‚Äì Calcul imp√¥t","
    simulateur plus-value immobili√®re  2026 ‚Äì Simulateur | LesCalculateurs",HIGH,19,909,OUI,2,141,O,"Verbalisation forte + Alertes multiples"
plusvalue\notaire-et-plus-value-immobiliere\index.html,"Notaire et plus-value immobili√®re (2026)","Nnotaire et plus-value immobili√®re 2026 ‚Äì Simulateur | LesCalculateurs",MED,-4,909,OUI,2,134,O,"Verbalisation mod√©r√©e + Alerte tableau"
plusvalue\notaire-et-plus-value-immobiliere.html,"Notaire et plus-value immobili√®re (2026)","Frais de Notaire 2026 ‚Äì Estimation gratuite | LesCalculateurs",MED,-4,909,OUI,2,110,O,"Verbalisation mod√©r√©e + Alerte tableau"
plusvalue\plus-value-et-donation\index.html,"Plus-value et donation (2026)","Pplus-value et donation 2026 ‚Äì Simulateur | LesCalculateurs",MED,-4,909,OUI,2,123,O,"Verbalisation mod√©r√©e + Alerte tableau"
plusvalue\plus-value-et-donation.html,"Plus-value et donation (2026)","Plus-Value Immo 2026 ‚Äì Calculez votre gain | LesCalculateurs",MED,-4,909,OUI,2,124,O,"Verbalisation mod√©r√©e + Alerte tableau"
plusvalue\plus-value-et-succession\index.html,"Plus-value et succession (2026)","Pplus-value et succession 2026 ‚Äì Simulateur | LesCalculateurs",MED,-4,909,OUI,2,125,O,"Verbalisation mod√©r√©e + Alerte tableau"
plusvalue\plus-value-et-succession.html,"Plus-value et succession (2026)","Plus-Value Immo 2026 ‚Äì Calculez votre gain | LesCalculateurs",MED,-4,909,OUI,2,124,O,"Verbalisation mod√©r√©e + Alerte tableau"
plusvalue\plus-value-residence-secondaire\index.html,"Plus-value r√©sidence secondaire (2026)","Pplus-value r√©sidence secondaire 2026 ‚Äì Simulateur | LesCalculateurs",MED,-4,909,OUI,2,132,O,"Verbalisation mod√©r√©e + Alerte tableau"
plusvalue\plus-value-residence-secondaire.html,"Plus-value r√©sidence secondaire (2026)","Plus-Value Immo 2026 ‚Äì Calculez votre gain | LesCalculateurs",MED,-4,909,OUI,2,124,O,"Verbalisation mod√©r√©e + Alerte tableau"
plusvalue\plus-value-sur-terrain\index.html,"Plus-value sur terrain (2026)","Pplus-value sur terrain 2026 ‚Äì Simulateur | LesCalculateurs",MED,-4,909,OUI,2,123,O,"Verbalisation mod√©r√©e + Alerte tableau"
plusvalue\plus-value-sur-terrain.html,"Plus-value sur terrain (2026)","Plus-Value Immo 2026 ‚Äì Calculez votre gain | LesCalculateurs",MED,-4,909,OUI,2,124,O,"Verbalisation mod√©r√©e + Alerte tableau"
plusvalue\simulateur-plus-value-immobiliere\index.html,"Simulateur plus-value immobili√®re (2026)","Ssimulateur plus-value immobili√®re 2026 ‚Äì Simulateur | LesCalculateurs",MED,-4,909,OUI,2,134,O,"Verbalisation mod√©r√©e + Alerte tableau"
plusvalue\simulateur-plus-value-immobiliere.html,"Simulateur plus-value immobili√®re (2026)","Plus-Value Immo 2026 ‚Äì Calculez votre gain | LesCalculateurs",MED,-4,909,OUI,2,124,O,"Verbalisation mod√©r√©e + Alerte tableau"
plusvalue.html,"Simulateur plus-value immobili√®re 2026 ‚Äì Calcul imp√¥t","
    simulateur plus-value immobili√®re  2026 ‚Äì Simulateur | LesCalculateurs",HIGH,19,936,OUI,2,141,O,"Verbalisation forte + Alertes multiples"
ponts.html,"üìÖ Ponts 2025-2026 - Optimisez vos cong√©s pay√©s","
              calendrier jours f√©ri√©s  2026 ‚Äì Simulateur | LesCalculateurs",HIGH,0,936,OUI,2,141,O,"Verbalisation forte + Alertes multiples"
pret\assurance-emprunteur-comment-estimer-son-cout\index.html,"Assurance emprunteur : comment estimer son co√ªt (2026)","Aassurance emprunteur : comment estimer s 2026 ‚Äì Simulateur | LesCalculateurs",MED,-4,936,OUI,2,141,O,"Verbalisation mod√©r√©e + Alerte tableau"
pret\assurance-emprunteur-comment-estimer-son-cout.html,"Assurance emprunteur : comment estimer son co√ªt (2026)","Aassurance emprunteur : comment estimer s 2026 ‚Äì Simulateur | LesCalculateurs",MED,-4,936,OUI,2,141,O,"Verbalisation mod√©r√©e + Alerte tableau"
pret\calcul-du-taux-d-endettement\index.html,"Calcul du taux d‚Äôendettement (2026)","Ccalcul du taux d‚Äôendettement 2026 ‚Äì Simulateur | LesCalculateurs",MED,-4,938,OUI,2,129,O,"Verbalisation mod√©r√©e + Alerte tableau"
pret\calcul-du-taux-d-endettement.html,"Calcul du taux d‚Äôendettement (2026)","Ccalcul du taux d‚Äôendettement 2026 ‚Äì Simulateur | LesCalculateurs",MED,-4,940,OUI,2,129,O,"Verbalisation mod√©r√©e + Alerte tableau"
pret\capacite-d-emprunt-comment-la-calculer\index.html,"Capacit√© d‚Äôemprunt : comment la calculer (2026)","Ccapacit√© d‚Äôemprunt : comment la calculer 2026 ‚Äì Simulateur | LesCalculateurs",MED,-3,943,OUI,2,141,O,"Verbalisation mod√©r√©e + Alerte tableau"
pret\capacite-d-emprunt-comment-la-calculer.html,"Capacit√© d‚Äôemprunt : comment la calculer (2026)","Ccapacit√© d‚Äôemprunt : comment la calculer 2026 ‚Äì Simulateur | LesCalculateurs",MED,-3,946,OUI,2,141,O,"Verbalisation mod√©r√©e + Alerte tableau"
pret\cout-total-d-un-pret-immobilier\index.html,"Co√ªt total d‚Äôun pr√™t immobilier (2026)","Cco√ªt total d‚Äôun pr√™t immobilier 2026 ‚Äì Simulateur | LesCalculateurs",MED,-4,946,OUI,2,132,O,"Verbalisation mod√©r√©e + Alerte tableau"
pret\cout-total-d-un-pret-immobilier.html,"Co√ªt total d‚Äôun pr√™t immobilier (2026)","Simulateur Pr√™t Immo 2026 ‚Äì Mensualit√©s | LesCalculateurs",MED,-4,946,OUI,2,116,O,"Verbalisation mod√©r√©e + Alerte tableau"
pret\credit-immobilier-refuse-que-faire\index.html,"Cr√©dit immobilier refus√© : que faire (2026)","Ccr√©dit immobilier refus√© : que faire 2026 ‚Äì Simulateur | LesCalculateurs",MED,-4,946,OUI,2,137,O,"Verbalisation mod√©r√©e + Alerte tableau"
pret\credit-immobilier-refuse-que-faire.html,"Cr√©dit immobilier refus√© : que faire (2026)","Ccr√©dit immobilier refus√© : que faire 2026 ‚Äì Simulateur | LesCalculateurs",MED,-4,946,OUI,2,137,O,"Verbalisation mod√©r√©e + Alerte tableau"
pret\duree-ideale-d-un-pret-immobilier\index.html,"Dur√©e id√©ale d‚Äôun pr√™t immobilier (2026)","Ddur√©e id√©ale d‚Äôun pr√™t immobilier 2026 ‚Äì Simulateur | LesCalculateurs",HIGH,-4,946,OUI,2,134,O,"Verbalisation forte + Alertes multiples"
pret\duree-ideale-d-un-pret-immobilier.html,"Dur√©e id√©ale d‚Äôun pr√™t immobilier (2026)","Simulateur Pr√™t Immo 2026 ‚Äì Mensualit√©s | LesCalculateurs",HIGH,-4,946,OUI,2,116,O,"Verbalisation forte + Alertes multiples"
pret\index.html,"Simulateur pr√™t immobilier 2026 ‚Äì Mensualit√©s &amp; capacit√©","
            simulateur pr√™t immobilier 2026 ‚Äì Simulateur | LesCalculateurs",HIGH,2,957,OUI,2,141,O,"Verbalisation forte + Alertes multiples"
pret\mensualite-de-pret-immobilier-comment-l-estimer\index.html,"Mensualit√© de pr√™t immobilier : comment l‚Äôestimer (2026)","Mmensualit√© de pr√™t immobilier : comment  2026 ‚Äì Simulateur | LesCalculateurs",MED,-4,957,OUI,2,141,O,"Verbalisation mod√©r√©e + Alerte tableau"
pret\mensualite-de-pret-immobilier-comment-l-estimer.html,"Mensualit√© de pr√™t immobilier : comment l‚Äôestimer (2026)","Simulateur Pr√™t Immo 2026 ‚Äì Mensualit√©s | LesCalculateurs",MED,-4,957,OUI,2,116,O,"Verbalisation mod√©r√©e + Alerte tableau"
pret\pret-immobilier-sans-apport-est-ce-possible\index.html,"Pr√™t immobilier sans apport : est-ce possible (2026)","Ppr√™t immobilier sans apport : est-ce pos 2026 ‚Äì Simulateur | LesCalculateurs",MED,-4,957,OUI,2,141,O,"Verbalisation mod√©r√©e + Alerte tableau"
pret\pret-immobilier-sans-apport-est-ce-possible.html,"Pr√™t immobilier sans apport : est-ce possible (2026)","Simulateur Pr√™t Immo 2026 ‚Äì Mensualit√©s | LesCalculateurs",MED,-4,957,OUI,2,116,O,"Verbalisation mod√©r√©e + Alerte tableau"
pret\pret-immobilier-seul-ou-a-deux-quelle-difference\index.html,"Pr√™t immobilier seul ou √† deux : quelle diff√©rence (2026)","Ppr√™t immobilier seul ou √† deux : quelle  2026 ‚Äì Simulateur | LesCalculateurs",HIGH,-4,957,OUI,2,141,O,"Verbalisation forte + Alertes multiples"
pret\pret-immobilier-seul-ou-a-deux-quelle-difference.html,"Pr√™t immobilier seul ou √† deux : quelle diff√©rence (2026)","Simulateur Pr√™t Immo 2026 ‚Äì Mensualit√©s | LesCalculateurs",HIGH,-4,957,OUI,2,116,O,"Verbalisation forte + Alertes multiples"
pret\pret-primo-accedant-specificites\index.html,"Pr√™t primo-acc√©dant : sp√©cificit√©s (2026)","Ppr√™t primo-acc√©dant : sp√©cificit√©s 2026 ‚Äì Simulateur | LesCalculateurs",MED,-4,957,OUI,2,135,O,"Verbalisation mod√©r√©e + Alerte tableau"
pret\pret-primo-accedant-specificites.html,"Pr√™t primo-acc√©dant : sp√©cificit√©s (2026)","Simulateur Pr√™t Immo 2026 ‚Äì Mensualit√©s | LesCalculateurs",MED,-4,957,OUI,2,116,O,"Verbalisation mod√©r√©e + Alerte tableau"
pret\ptz-conditions-principales\index.html,"PTZ : conditions principales (2026)","Pptz : conditions principales 2026 ‚Äì Simulateur | LesCalculateurs",MED,-4,957,OUI,2,129,O,"Verbalisation mod√©r√©e + Alerte tableau"
pret\ptz-conditions-principales.html,"PTZ : conditions principales (2026)","Pptz : conditions principales 2026 ‚Äì Simulateur | LesCalculateurs",MED,-4,957,OUI,2,129,O,"Verbalisation mod√©r√©e + Alerte tableau"
pret\quel-salaire-pour-emprunter-200-000\index.html,"Quel salaire pour emprunter 200 000 ‚Ç¨ (2026)","Qquel salaire pour emprunter 200 000 ‚Ç¨ 2026 ‚Äì Simulateur | LesCalculateurs",MED,-2,962,OUI,2,138,O,"Verbalisation mod√©r√©e + Alerte tableau"
pret\quel-salaire-pour-emprunter-200-000.html,"Quel salaire pour emprunter 200 000 ‚Ç¨ (2026)","Convertisseur Brut Net 2026 ‚Äì Gratuit | LesCalculateurs",MED,2,967,OUI,2,119,O,"Verbalisation mod√©r√©e + Alerte tableau"
pret\quel-salaire-pour-emprunter-300-000\index.html,"Quel salaire pour emprunter 300 000 ‚Ç¨ (2026)","Qquel salaire pour emprunter 300 000 ‚Ç¨ 2026 ‚Äì Simulateur | LesCalculateurs",MED,1,973,OUI,2,138,O,"Verbalisation mod√©r√©e + Alerte tableau"
pret\quel-salaire-pour-emprunter-300-000.html,"Quel salaire pour emprunter 300 000 ‚Ç¨ (2026)","Convertisseur Brut Net 2026 ‚Äì Gratuit | LesCalculateurs",MED,5,979,OUI,2,119,O,"Verbalisation mod√©r√©e + Alerte tableau"
pret\simulateur-de-pret-immobilier-gratuit-pourquoi-l-utiliser\index.html,"Simulateur de pr√™t immobilier gratuit : pourquoi l‚Äôutiliser (2026)","Ssimulateur de pr√™t immobilier gratuit :  2026 ‚Äì Simulateur | LesCalculateurs",MED,-4,979,OUI,2,141,O,"Verbalisation mod√©r√©e + Alerte tableau"
pret\simulateur-de-pret-immobilier-gratuit-pourquoi-l-utiliser.html,"Simulateur de pr√™t immobilier gratuit : pourquoi l‚Äôutiliser (2026)","Simulateur Pr√™t Immo 2026 ‚Äì Mensualit√©s | LesCalculateurs",MED,-4,979,OUI,2,116,O,"Verbalisation mod√©r√©e + Alerte tableau"
pret\taux-immobilier-2026-a-quoi-s-attendre\index.html,"Taux immobilier 2026 : √† quoi s‚Äôattendre (2026)","Ttaux immobilier 2026 : √† quoi s‚Äôattendre 2026 ‚Äì Simulateur | LesCalculateurs",MED,-4,980,OUI,2,141,O,"Verbalisation mod√©r√©e + Alerte tableau"
pret\taux-immobilier-2026-a-quoi-s-attendre.html,"Taux immobilier 2026 : √† quoi s‚Äôattendre (2026)","Ttaux immobilier 2026 : √† quoi s‚Äôattendre 2026 ‚Äì Simulateur | LesCalculateurs",MED,-4,981,OUI,2,141,O,"Verbalisation mod√©r√©e + Alerte tableau"
pret.html,"Simulateur pr√™t immobilier 2026 ‚Äì Mensualit√©s &amp; capacit√©","Simulateur Pr√™t Immo 2026 ‚Äì Mensualit√©s | LesCalculateurs",HIGH,2,992,OUI,2,116,O,"Verbalisation forte + Alertes multiples"
prime-activite.html,"Simulateur prime d‚Äôactivit√© 2026 ‚Äì Calcul CAF","
          simulateur prime d‚Äôactivit√©  2026 ‚Äì Simulateur | LesCalculateurs",HIGH,-3,992,OUI,2,141,O,"Verbalisation forte + Alertes multiples"
rsa\combien-touche-t-on-au-rsa\index.html,"Combien touche-t-on au RSA ? (2026)","Ccombien touche-t-on au rsa ? 2026 ‚Äì Simulateur | LesCalculateurs",HIGH,-4,992,OUI,2,129,O,"Verbalisation forte + Alertes multiples"
rsa\combien-touche-t-on-au-rsa.html,"Combien touche-t-on au RSA ? (2026)","Calculateur RSA 2026 ‚Äì Montant et √©ligibilit√© | LesCalculateurs",HIGH,-5,992,OUI,2,130,O,"Verbalisation forte + Alertes multiples"
rsa\index.html,"Simulateur RSA 2026 : estimation gratuite officielle","
          simulateur rsa 2026 : estima 2026 ‚Äì Simulateur | LesCalculateurs",HIGH,5,997,OUI,2,141,O,"Verbalisation forte + Alertes multiples"
rsa\qui-a-droit-au-rsa\index.html,"Qui a droit au RSA ? (2026)","Qqui a droit au rsa ? 2026 ‚Äì Simulateur | LesCalculateurs",HIGH,-4,997,OUI,2,121,O,"Verbalisation forte + Alertes multiples"
rsa\qui-a-droit-au-rsa.html,"Qui a droit au RSA ? (2026)","Calculateur RSA 2026 ‚Äì Montant et √©ligibilit√© | LesCalculateurs",HIGH,-5,997,OUI,2,130,O,"Verbalisation forte + Alertes multiples"
rsa\rsa-auto-entrepreneur\index.html,"RSA auto-entrepreneur (2026)","Rrsa auto-entrepreneur 2026 ‚Äì Simulateur | LesCalculateurs",HIGH,-4,997,OUI,2,122,O,"Verbalisation forte + Alertes multiples"
rsa\rsa-auto-entrepreneur.html,"RSA auto-entrepreneur (2026)","Calculateur RSA 2026 ‚Äì Montant et √©ligibilit√© | LesCalculateurs",HIGH,-5,997,OUI,2,130,O,"Verbalisation forte + Alertes multiples"
rsa\rsa-chomage-fin-de-droits\index.html,"RSA ch√¥mage fin de droits (2026)","Rrsa ch√¥mage fin de droits 2026 ‚Äì Simulateur | LesCalculateurs",HIGH,-4,997,OUI,2,126,O,"Verbalisation forte + Alertes multiples"
rsa\rsa-chomage-fin-de-droits.html,"RSA ch√¥mage fin de droits (2026)","Calculateur RSA 2026 ‚Äì Montant et √©ligibilit√© | LesCalculateurs",HIGH,-5,997,OUI,2,130,O,"Verbalisation forte + Alertes multiples"
rsa\rsa-conditions-2026\index.html,"RSA conditions 2026 (2026)","Rrsa conditions 2026 2026 ‚Äì Simulateur | LesCalculateurs",HIGH,-3,997,OUI,2,120,O,"Verbalisation forte + Alertes multiples"
rsa\rsa-conditions-2026.html,"RSA conditions 2026 (2026)","Calculateur RSA 2026 ‚Äì Montant et √©ligibilit√© | LesCalculateurs",HIGH,-2,997,OUI,2,130,O,"Verbalisation forte + Alertes multiples"
rsa\rsa-couple-avec-enfant\index.html,"RSA couple avec enfant (2026)","Rrsa couple avec enfant 2026 ‚Äì Simulateur | LesCalculateurs",HIGH,-4,997,OUI,2,123,O,"Verbalisation forte + Alertes multiples"
rsa\rsa-couple-avec-enfant.html,"RSA couple avec enfant (2026)","Calculateur RSA 2026 ‚Äì Montant et √©ligibilit√© | LesCalculateurs",HIGH,-5,997,OUI,2,130,O,"Verbalisation forte + Alertes multiples"
rsa\rsa-couple-sans-enfant\index.html,"RSA couple sans enfant (2026)","Rrsa couple sans enfant 2026 ‚Äì Simulateur | LesCalculateurs",HIGH,-4,997,OUI,2,123,O,"Verbalisation forte + Alertes multiples"
rsa\rsa-couple-sans-enfant.html,"RSA couple sans enfant (2026)","Calculateur RSA 2026 ‚Äì Montant et √©ligibilit√© | LesCalculateurs",HIGH,-5,997,OUI,2,130,O,"Verbalisation forte + Alertes multiples"
rsa\rsa-et-apl-cumul\index.html,"RSA et APL cumul (2026)","Rrsa et apl cumul 2026 ‚Äì Simulateur | LesCalculateurs",HIGH,-4,997,OUI,2,117,O,"Verbalisation forte + Alertes multiples"
rsa\rsa-et-apl-cumul.html,"RSA et APL cumul (2026)","Simulateur APL 2026 ‚Äì Estimez votre aide au logement | LesCalculateurs",HIGH,-5,997,OUI,2,140,O,"Verbalisation forte + Alertes multiples"
rsa\rsa-hebergement-gratuit\index.html,"RSA h√©bergement gratuit (2026)","Rrsa h√©bergement gratuit 2026 ‚Äì Simulateur | LesCalculateurs",HIGH,-4,997,OUI,2,124,O,"Verbalisation forte + Alertes multiples"
rsa\rsa-hebergement-gratuit.html,"RSA h√©bergement gratuit (2026)","Calculateur RSA 2026 ‚Äì Montant et √©ligibilit√© | LesCalculateurs",HIGH,-5,997,OUI,2,130,O,"Verbalisation forte + Alertes multiples"
rsa\rsa-interim\index.html,"RSA int√©rim (2026)","Rrsa int√©rim 2026 ‚Äì Simulateur | LesCalculateurs",HIGH,-4,997,OUI,2,112,O,"Verbalisation forte + Alertes multiples"
rsa\rsa-interim.html,"RSA int√©rim (2026)","Calculateur RSA 2026 ‚Äì Montant et √©ligibilit√© | LesCalculateurs",HIGH,-5,997,OUI,2,130,O,"Verbalisation forte + Alertes multiples"
rsa\rsa-jeune-moins-de-25-ans\index.html,"RSA jeune moins de 25 ans (2026)","Rrsa jeune moins de 25 ans 2026 ‚Äì Simulateur | LesCalculateurs",HIGH,-4,997,OUI,2,126,O,"Verbalisation forte + Alertes multiples"
rsa\rsa-jeune-moins-de-25-ans.html,"RSA jeune moins de 25 ans (2026)","Calculateur RSA 2026 ‚Äì Montant et √©ligibilit√© | LesCalculateurs",HIGH,-5,997,OUI,2,130,O,"Verbalisation forte + Alertes multiples"
rsa\rsa-logement-social\index.html,"RSA logement social (2026)","Rrsa logement social 2026 ‚Äì Simulateur | LesCalculateurs",HIGH,-4,997,OUI,2,120,O,"Verbalisation forte + Alertes multiples"
rsa\rsa-logement-social.html,"RSA logement social (2026)","Calculateur RSA 2026 ‚Äì Montant et √©ligibilit√© | LesCalculateurs",HIGH,-5,997,OUI,2,130,O,"Verbalisation forte + Alertes multiples"
rsa\rsa-personne-seule-montant\index.html,"RSA personne seule : montant (2026)","Rrsa personne seule : montant 2026 ‚Äì Simulateur | LesCalculateurs",HIGH,-4,997,OUI,2,129,O,"Verbalisation forte + Alertes multiples"
rsa\rsa-personne-seule-montant.html,"RSA personne seule : montant (2026)","Calculateur RSA 2026 ‚Äì Montant et √©ligibilit√© | LesCalculateurs",HIGH,-5,997,OUI,2,130,O,"Verbalisation forte + Alertes multiples"
rsa\rsa-sans-logement\index.html,"RSA sans logement (2026)","Rrsa sans logement 2026 ‚Äì Simulateur | LesCalculateurs",HIGH,-4,997,OUI,2,118,O,"Verbalisation forte + Alertes multiples"
rsa\rsa-sans-logement.html,"RSA sans logement (2026)","Calculateur RSA 2026 ‚Äì Montant et √©ligibilit√© | LesCalculateurs",HIGH,-5,997,OUI,2,130,O,"Verbalisation forte + Alertes multiples"
rsa\rsa-travail-a-temps-partiel\index.html,"RSA travail √† temps partiel (2026)","Rrsa travail √† temps partiel 2026 ‚Äì Simulateur | LesCalculateurs",HIGH,-4,997,OUI,2,128,O,"Verbalisation forte + Alertes multiples"
rsa\rsa-travail-a-temps-partiel.html,"RSA travail √† temps partiel (2026)","Calculateur RSA 2026 ‚Äì Montant et √©ligibilit√© | LesCalculateurs",HIGH,-5,997,OUI,2,130,O,"Verbalisation forte + Alertes multiples"
rsa.html,"Simulateur RSA 2026 : estimation gratuite officielle","Calculateur RSA 2026 ‚Äì Montant et √©ligibilit√© | LesCalculateurs",HIGH,6,1002,OUI,2,130,O,"Verbalisation forte + Alertes multiples"
salaire\calcul-salaire-brut-net\index.html,"Calcul salaire brut net (2026)","Ccalcul salaire brut net 2026 ‚Äì Simulateur | LesCalculateurs",HIGH,-4,1002,OUI,2,124,O,"Verbalisation forte + Alertes multiples"
salaire\calcul-salaire-brut-net.html,"Calcul salaire brut net (2026)","Convertisseur Brut Net 2026 ‚Äì Gratuit | LesCalculateurs",HIGH,-4,1002,OUI,2,119,O,"Verbalisation forte + Alertes multiples"
salaire\index.html,"Calculateur salaire brut net 2026 ‚Äì Simulation gratuite","Iindex 2026 ‚Äì Simulateur | LesCalculateurs",HIGH,0,1005,OUI,2,106,O,"Verbalisation forte + Alertes multiples"
salaire-seo.html,"
      üíº Salaire Brut/Net 2026 - Simulateur gratuit, PAS, comparaison
    ","Convertisseur Brut Net 2026 ‚Äì Gratuit | LesCalculateurs",HIGH,0,1006,OUI,2,119,O,"Verbalisation forte + Alertes multiples"
salaire.html,"Calculateur salaire brut net 2026 ‚Äì Simulation gratuite","Convertisseur Brut Net 2026 ‚Äì Gratuit | LesCalculateurs",HIGH,0,1009,OUI,2,119,O,"Verbalisation forte + Alertes multiples"
simulateurs\aide-financiere-famille\index.html,"Aide financi√®re famille (2026)","Aaide financi√®re famille 2026 ‚Äì Simulateur | LesCalculateurs",HIGH,-4,1009,OUI,2,124,O,"Verbalisation forte + Alertes multiples"
simulateurs\aide-financiere-famille.html,"Aide financi√®re famille (2026)","Aaide financi√®re famille 2026 ‚Äì Simulateur | LesCalculateurs",HIGH,-4,1009,OUI,2,124,O,"Verbalisation forte + Alertes multiples"
simulateurs\aide-sociale-simulation-globale\index.html,"Aide sociale : simulation globale (2026)","Aaide sociale : simulation globale 2026 ‚Äì Simulateur | LesCalculateurs",HIGH,-4,1009,OUI,2,134,O,"Verbalisation forte + Alertes multiples"
simulateurs\aide-sociale-simulation-globale.html,"Aide sociale : simulation globale (2026)","Aaide sociale : simulation globale 2026 ‚Äì Simulateur | LesCalculateurs",HIGH,-4,1009,OUI,2,134,O,"Verbalisation forte + Alertes multiples"
simulateurs\aides-jeunes-actifs\index.html,"Aides jeunes actifs (2026)","Aaides jeunes actifs 2026 ‚Äì Simulateur | LesCalculateurs",HIGH,-4,1009,OUI,2,120,O,"Verbalisation forte + Alertes multiples"
simulateurs\aides-jeunes-actifs.html,"Aides jeunes actifs (2026)","Aaides jeunes actifs 2026 ‚Äì Simulateur | LesCalculateurs",HIGH,-4,1009,OUI,2,120,O,"Verbalisation forte + Alertes multiples"
simulateurs\aides-retraites\index.html,"Aides retrait√©s (2026)","Aaides retrait√©s 2026 ‚Äì Simulateur | LesCalculateurs",HIGH,-4,1009,OUI,2,116,O,"Verbalisation forte + Alertes multiples"
simulateurs\aides-retraites.html,"Aides retrait√©s (2026)","Aaides retrait√©s 2026 ‚Äì Simulateur | LesCalculateurs",HIGH,-4,1009,OUI,2,116,O,"Verbalisation forte + Alertes multiples"
simulateurs\cumul-aides-sociales\index.html,"Cumul aides sociales (2026)","Ccumul aides sociales 2026 ‚Äì Simulateur | LesCalculateurs",HIGH,-4,1009,OUI,2,121,O,"Verbalisation forte + Alertes multiples"
simulateurs\cumul-aides-sociales.html,"Cumul aides sociales (2026)","Ccumul aides sociales 2026 ‚Äì Simulateur | LesCalculateurs",HIGH,-4,1009,OUI,2,121,O,"Verbalisation forte + Alertes multiples"
simulateurs\index.html,"Tous les Simulateurs Gratuits 2026 ‚Äî Les Calculateurs","
              üéØ tous les simulateurs 2026 ‚Äì Simulateur | LesCalculateurs",HIGH,-1,1011,OUI,2,141,O,"Verbalisation forte + Alertes multiples"
simulateurs\quelles-aides-ai-je-droit\index.html,"Quelles aides ai-je droit ? (2026)","Qquelles aides ai-je droit ? 2026 ‚Äì Simulateur | LesCalculateurs",HIGH,-4,1011,OUI,2,128,O,"Verbalisation forte + Alertes multiples"
simulateurs\quelles-aides-ai-je-droit.html,"Quelles aides ai-je droit ? (2026)","Qquelles aides ai-je droit ? 2026 ‚Äì Simulateur | LesCalculateurs",HIGH,-4,1011,OUI,2,128,O,"Verbalisation forte + Alertes multiples"
simulateurs.html,"Tous les Simulateurs Gratuits 2026 ‚Äî Les Calculateurs","
              üéØ tous les simulateurs 2026 ‚Äì Simulateur | LesCalculateurs",HIGH,-1,1013,OUI,2,141,O,"Verbalisation forte + Alertes multiples"
sources.html,"Sources Officielles & Bar√®mes 2026 ‚Äî LesCalculateurs.fr","
            sources officielles & bar√® 2026 ‚Äì Simulateur | LesCalculateurs",HIGH,0,1027,OUI,2,141,O,"Verbalisation forte + Alertes multiples"
taxe\index.html,"Simulateur taxe fonci√®re 2026 ‚Äì Estimation gratuite","
              simulateur taxe fonci√®re 2026 ‚Äì Simulateur | LesCalculateurs",HIGH,4,1034,OUI,2,141,O,"Verbalisation forte + Alertes multiples"
taxe-fonciere\comment-connaitre-la-valeur-locative-cadastrale\index.html,"Comment conna√Ætre la valeur locative cadastrale ? (2026)","Ccomment conna√Ætre la valeur locative cad 2026 ‚Äì Simulateur | LesCalculateurs",HIGH,-4,1034,OUI,2,141,O,"Verbalisation forte + Alertes multiples"
taxe-fonciere\comment-connaitre-la-valeur-locative-cadastrale.html,"Comment conna√Ætre la valeur locative cadastrale ? (2026)","Ccomment conna√Ætre la valeur locative cad 2026 ‚Äì Simulateur | LesCalculateurs",HIGH,-4,1034,OUI,2,141,O,"Verbalisation forte + Alertes multiples"
taxe-fonciere\comment-contester-sa-taxe-fonciere\index.html,"Comment contester sa taxe fonci√®re ? (2026)","Ccomment contester sa taxe fonci√®re ? 2026 ‚Äì Simulateur | LesCalculateurs",HIGH,-4,1034,OUI,2,137,O,"Verbalisation forte + Alertes multiples"
taxe-fonciere\comment-contester-sa-taxe-fonciere.html,"Comment contester sa taxe fonci√®re ? (2026)","Taxe Fonci√®re 2026 ‚Äì Calculateur officiel | LesCalculateurs",HIGH,-4,1034,OUI,2,123,O,"Verbalisation forte + Alertes multiples"
taxe-fonciere\comment-est-calculee-la-taxe-fonciere\index.html,"Comment est calcul√©e la taxe fonci√®re ? (2026)","Ccomment est calcul√©e la taxe fonci√®re ? 2026 ‚Äì Simulateur | LesCalculateurs",MED,-4,1034,OUI,2,140,O,"Verbalisation mod√©r√©e + Alerte tableau"
taxe-fonciere\comment-est-calculee-la-taxe-fonciere.html,"Comment est calcul√©e la taxe fonci√®re ? (2026)","Taxe Fonci√®re 2026 ‚Äì Calculateur officiel | LesCalculateurs",MED,-4,1034,OUI,2,123,O,"Verbalisation mod√©r√©e + Alerte tableau"
taxe-fonciere\estimation-taxe-fonciere-comment-faire\index.html,"Estimation taxe fonci√®re : comment faire ? (2026)","Eestimation taxe fonci√®re : comment faire 2026 ‚Äì Simulateur | LesCalculateurs",MED,-4,1034,OUI,2,141,O,"Verbalisation mod√©r√©e + Alerte tableau"
taxe-fonciere\estimation-taxe-fonciere-comment-faire.html,"Estimation taxe fonci√®re : comment faire ? (2026)","Taxe Fonci√®re 2026 ‚Äì Calculateur officiel | LesCalculateurs",MED,-4,1034,OUI,2,123,O,"Verbalisation mod√©r√©e + Alerte tableau"
taxe-fonciere\exoneration-taxe-fonciere-handicap\index.html,"Exon√©ration taxe fonci√®re handicap (2026)","Eexon√©ration taxe fonci√®re handicap 2026 ‚Äì Simulateur | LesCalculateurs",MED,-4,1034,OUI,2,135,O,"Verbalisation mod√©r√©e + Alerte tableau"
taxe-fonciere\exoneration-taxe-fonciere-handicap.html,"Exon√©ration taxe fonci√®re handicap (2026)","Taxe Fonci√®re 2026 ‚Äì Calculateur officiel | LesCalculateurs",MED,-4,1034,OUI,2,123,O,"Verbalisation mod√©r√©e + Alerte tableau"
taxe-fonciere\exoneration-taxe-fonciere-pour-retraite\index.html,"Exon√©ration taxe fonci√®re pour retrait√© (2026)","Eexon√©ration taxe fonci√®re pour retrait√© 2026 ‚Äì Simulateur | LesCalculateurs",MED,-4,1034,OUI,2,140,O,"Verbalisation mod√©r√©e + Alerte tableau"
taxe-fonciere\exoneration-taxe-fonciere-pour-retraite.html,"Exon√©ration taxe fonci√®re pour retrait√© (2026)","Taxe Fonci√®re 2026 ‚Äì Calculateur officiel | LesCalculateurs",MED,-4,1034,OUI,2,123,O,"Verbalisation mod√©r√©e + Alerte tableau"
taxe-fonciere\index.html,"Taxe Fonci√®re 2026 - Calculateur Gratuit par D√©partement","
        taxe fonci√®re 2026 - calculate 2026 ‚Äì Simulateur | LesCalculateurs",MED,16,1059,OUI,2,141,O,"Verbalisation mod√©r√©e + Alerte tableau"
taxe-fonciere\pourquoi-la-taxe-fonciere-augmente\index.html,"Pourquoi la taxe fonci√®re augmente ? (2026)","Ppourquoi la taxe fonci√®re augmente ? 2026 ‚Äì Simulateur | LesCalculateurs",MED,-4,1059,OUI,2,137,O,"Verbalisation mod√©r√©e + Alerte tableau"
taxe-fonciere\pourquoi-la-taxe-fonciere-augmente.html,"Pourquoi la taxe fonci√®re augmente ? (2026)","Taxe Fonci√®re 2026 ‚Äì Calculateur officiel | LesCalculateurs",MED,-4,1059,OUI,2,123,O,"Verbalisation mod√©r√©e + Alerte tableau"
taxe-fonciere\quelle-surface-est-prise-en-compte-pour-la-taxe-fonciere\index.html,"Quelle surface est prise en compte pour la taxe fonci√®re ? (2026)","Qquelle surface est prise en compte pour  2026 ‚Äì Simulateur | LesCalculateurs",MED,-4,1059,OUI,2,141,O,"Verbalisation mod√©r√©e + Alerte tableau"
taxe-fonciere\quelle-surface-est-prise-en-compte-pour-la-taxe-fonciere.html,"Quelle surface est prise en compte pour la taxe fonci√®re ? (2026)","Taxe Fonci√®re 2026 ‚Äì Calculateur officiel | LesCalculateurs",MED,-4,1059,OUI,2,123,O,"Verbalisation mod√©r√©e + Alerte tableau"
taxe-fonciere\qui-paie-la-taxe-fonciere\index.html,"Qui paie la taxe fonci√®re ? (2026)","Qqui paie la taxe fonci√®re ? 2026 ‚Äì Simulateur | LesCalculateurs",MED,-4,1059,OUI,2,128,O,"Verbalisation mod√©r√©e + Alerte tableau"
taxe-fonciere\qui-paie-la-taxe-fonciere.html,"Qui paie la taxe fonci√®re ? (2026)","Taxe Fonci√®re 2026 ‚Äì Calculateur officiel | LesCalculateurs",MED,-4,1059,OUI,2,123,O,"Verbalisation mod√©r√©e + Alerte tableau"
taxe-fonciere\taxe-fonciere-et-achat-en-cours-d-annee\index.html,"Taxe fonci√®re et achat en cours d‚Äôann√©e (2026)","Ttaxe fonci√®re et achat en cours d‚Äôann√©e 2026 ‚Äì Simulateur | LesCalculateurs",MED,-4,1059,OUI,2,140,O,"Verbalisation mod√©r√©e + Alerte tableau"
taxe-fonciere\taxe-fonciere-et-achat-en-cours-d-annee.html,"Taxe fonci√®re et achat en cours d‚Äôann√©e (2026)","Taxe Fonci√®re 2026 ‚Äì Calculateur officiel | LesCalculateurs",MED,-4,1059,OUI,2,123,O,"Verbalisation mod√©r√©e + Alerte tableau"
taxe-fonciere\taxe-fonciere-locataire-ou-proprietaire\index.html,"Taxe fonci√®re : locataire ou propri√©taire ? (2026)","Ttaxe fonci√®re : locataire ou propri√©tair 2026 ‚Äì Simulateur | LesCalculateurs",MED,-4,1059,OUI,2,141,O,"Verbalisation mod√©r√©e + Alerte tableau"
taxe-fonciere\taxe-fonciere-locataire-ou-proprietaire.html,"Taxe fonci√®re : locataire ou propri√©taire ? (2026)","Taxe Fonci√®re 2026 ‚Äì Calculateur officiel | LesCalculateurs",MED,-4,1059,OUI,2,123,O,"Verbalisation mod√©r√©e + Alerte tableau"
taxe-fonciere\taxe-fonciere-logement-neuf\index.html,"Taxe fonci√®re logement neuf (2026)","Ttaxe fonci√®re logement neuf 2026 ‚Äì Simulateur | LesCalculateurs",MED,-4,1059,OUI,2,128,O,"Verbalisation mod√©r√©e + Alerte tableau"
taxe-fonciere\taxe-fonciere-logement-neuf.html,"Taxe fonci√®re logement neuf (2026)","Taxe Fonci√®re 2026 ‚Äì Calculateur officiel | LesCalculateurs",MED,-4,1059,OUI,2,123,O,"Verbalisation mod√©r√©e + Alerte tableau"
taxe-fonciere\taxe-fonciere-par-ville-est-ce-fiable\index.html,"Taxe fonci√®re par ville : est-ce fiable ? (2026)","Ttaxe fonci√®re par ville : est-ce fiable  2026 ‚Äì Simulateur | LesCalculateurs",MED,-4,1059,OUI,2,141,O,"Verbalisation mod√©r√©e + Alerte tableau"
taxe-fonciere\taxe-fonciere-par-ville-est-ce-fiable.html,"Taxe fonci√®re par ville : est-ce fiable ? (2026)","Taxe Fonci√®re 2026 ‚Äì Calculateur officiel | LesCalculateurs",MED,-4,1059,OUI,2,123,O,"Verbalisation mod√©r√©e + Alerte tableau"
taxe-fonciere\taxe-fonciere-residence-secondaire\index.html,"Taxe fonci√®re r√©sidence secondaire (2026)","Ttaxe fonci√®re r√©sidence secondaire 2026 ‚Äì Simulateur | LesCalculateurs",MED,-4,1059,OUI,2,135,O,"Verbalisation mod√©r√©e + Alerte tableau"
taxe-fonciere\taxe-fonciere-residence-secondaire.html,"Taxe fonci√®re r√©sidence secondaire (2026)","Taxe Fonci√®re 2026 ‚Äì Calculateur officiel | LesCalculateurs",MED,-4,1059,OUI,2,123,O,"Verbalisation mod√©r√©e + Alerte tableau"
taxe-fonciere\valeur-locative-cadastrale-definition-simple\index.html,"Valeur locative cadastrale : d√©finition simple (2026)","Vvaleur locative cadastrale : d√©finition  2026 ‚Äì Simulateur | LesCalculateurs",MED,-4,1059,OUI,2,141,O,"Verbalisation mod√©r√©e + Alerte tableau"
taxe-fonciere\valeur-locative-cadastrale-definition-simple.html,"Valeur locative cadastrale : d√©finition simple (2026)","Vvaleur locative cadastrale : d√©finition  2026 ‚Äì Simulateur | LesCalculateurs",MED,-4,1059,OUI,2,141,O,"Verbalisation mod√©r√©e + Alerte tableau"
taxe.html,"Simulateur taxe fonci√®re 2026 ‚Äì Estimation gratuite","Taxe Fonci√®re 2026 ‚Äì Calculateur officiel | LesCalculateurs",HIGH,4,1066,OUI,2,123,O,"Verbalisation forte + Alertes multiples"
travail\index.html,"Temps de travail 2026 ‚Äî Heures sup, majorations, RTT (calcul)","
              simulateur heures suppl√© 2026 ‚Äì Simulateur | LesCalculateurs",HIGH,1,1078,OUI,2,141,O,"Verbalisation forte + Alertes multiples"
travail.html,"Temps de travail 2026 ‚Äî Heures sup, majorations, RTT (calcul)","
              simulateur heures suppl√© 2026 ‚Äì Simulateur | LesCalculateurs",HIGH,1,1090,OUI,2,141,O,"Verbalisation forte + Alertes multiples"